#AUTHORS FOR CORRESPONDENCE
Andrew G. Clark a	<ac347@cornell.edu>	11
Michael B. Eisen b	<mbeisen@lbl.gov>	104,80
Douglas R. Smith c	<douglas.smith@agencourt.com>	6
Casey M. Bergman d	<casey.bergman@manchester.ac.uk>	14
Venky N. Iyer e	<venky@berkeley.edu>	77
Timothy B. Sackton f	<tbs7@cornell.edu>	11
Amanda M. Larracuente g	<aml69@cornell.edu>	11
Daniel A. Pollard h	<dpollard@socrates.berkeley.edu>	79
Nadia Singh i	<nds25@cornell.edu>	11
William Gelbart j	<gelbart@morgan.harvard.edu>	15,78
Brian Oliver k	<oliver@helix.nih.gov>	16
Therese A. Markow l	<tmarkow@public.arl.arizona.edu>	17
Thomas C. Kaufman m	<kaufman@indiana.edu>	20
Manolis Kellis n	<manoli@mit.edu>	1,2

#AUTHOR LIST
Albert J. Vilella	<avilella@ebi.ac.uk>	7,49
Alberto Civetta	<a.civetta@uwinnipeg.ca>	8
Alejandro Sanchez-Gracia	<alejandro.sanchez@cajal.csic.es>	9,49
Aleksey V. Zimin	<alekseyz@ipst.umd.edu>	10
Alex Wong	<aw246@cornell.edu>	11
Alfredo Ruiz	<Alfredo.Ruiz@uab.cat>	42
Alfredo Villasante	<avillasante@cbm.uam.es>	43
Amanda M. Larracuente	<aml69@cornell.edu>	11
Ana Llopart	<ana-llopart@uiowa.edu>	22
Anastasia Gardiner	<ag91@st-andrews.ac.uk>	72
Anat Caspi	<caspian@scarlet.berkeley.edu>	23
Andreas Heger	<andreas.heger@human-anatomy.oxford.ac.uk>	31,32
Andrew G. Clark	<ac347@cornell.edu>	11
Angela N. Brooks	<angelabrooks@berkeley.edu>	77
Angie S. Hinrichs	<angie@soe.ucsc.edu>	44
Anthony J. Greenberg	<ajg67@cornell.edu>	11
A. Bernardo de Carvalho	<bernardo@biologia.ufrj.br>	24
Arjun Bhutkar	<arjunb@bu.edu>	15,25
Barbara Negre	<bn219@cam.ac.uk>	26
Boris Adryan	<boris@mrc-lmb.cam.ac.uk>	27
Brian R. Calvi	<bcalvi@syr.edu>	28
Brian P. Lazzaro	<bl89@cornell.edu>	12
Brian Oliver	<oliver@helix.nih.gov>	16
Bryant McAllister	<bryant-mcallister@uiowa.edu>	22
Carlos A. Machado	<cmachado@email.arizona.edu>	17
Carolyn S. McBride	<csmcbride@ucdavis.edu>	29
Casey M. Bergman	<casey.bergman@manchester.ac.uk>	14
Charles Chapple	<cchapple@imim.es>	50
Charles F. Aquadro	<cfa1@cornell.edu>	11
Charles H. Langley	<chlangley@ucdavis.edu>	29
Charles Robin	<crobin@unimelb.edu.au>	30
Chris P. Ponting	<chris.ponting@anat.ox.ac.uk>	31,32
Chris D. Smith	<smithcd@sfsu.edu>	33,76
Chung-I Wu	<ciwu@uchicago.edu>	34
Corbin D. Jones	<cdjones@email.unc.edu>	36
Corrado Caggese	<caggese@biologia.uniba.it>	89
Daniel A. Barbash	<dab87@cornell.edu>	11
Dan Hultmark	<dan.hultmark@ucmp.umu.se>	38
Daniel A. Pollard	<dpollard@socrates.berkeley.edu>	79
Daniel L. Halligan	<daniel.halligan@ed.ac.uk>	45
Dave Begun	<djbegun@ucdavis.edu>	29
Dave Kudrna	<dkudrna@ag.arizona.edu>	18
David H. Ardell	<dave.ardell@lcb.uu.se>	39
David Rand	<David_Rand@brown.edu>	40
David Sturgill	<davidsturgill@niddk.nih.gov>	16
Dawn N. Abt	<Dawn_Abt@brown.edu>	40
Deborah E. Stage	<dstage@mail.rochester.edu>	62
Derek Wilson	<dw@mrc-lmb.cam.ac.uk>	27
Don Gilbert	<gilbertd@cricket.bio.indiana.edu>	20
#Douglas R. Smith	<douglas.smith@agencourt.com>	6
Elena Lozovsky	<elozovsk@oeb.harvard.edu>	46
Enrico Blanco	<eblanco@imim.es>	50
Eric Lander	<lander@broad.mit.edu>	2
Eugene Myers	<myersg@janelia.hhmi.org>	47
Eva Freyhult	<Eva.Freyhult@lcb.uu.se>	39
Evgeny Zdobnov	<evgeny.zdobnov@medecine.unige.ch>	48
Filipe G. Vieira	<fgarret@ub.edu>	49
Gabriel Wu	<gwu01@berkeley.edu>	23
Gane Ka-Shu Wong	<gane@ualberta.ca>	85,74
Gary H. Karpen	<ghkarpen@lbl.gov>	76,77
#Granger Sutton	<GSutton@jcvi.org>	5
Gillian M. Halter	<XXXX@psu.edu>	57
Graziano Pesole	<graziano.pesole@unimi.it>	37
Hadi Quesneville	<Hadi.Quesneville@versailles.inra.fr>	51
Hiroshi Akashi	<akashi@psu.edu>	57
Hsiao-Pei Yang	<hy31@cornell.edu>	11
Ian Holmes	<ihh@berkeley.edu>	23
James A. Yorke	<Yorke2@ipst.umd.edu>	10
Jay D. Evans	<evansj@ba.ars.usda.gov>	65
Jeffrey R. Powell	<jeffrey.powell@yale.edu>	66
Jennifer Daub	<jd7@sanger.ac.uk>	87
Jerry A. Coyne	<j-coyne@uchicago.edu>	34
Jian Lu	<jianl@uchicago.edu>	34
Chiao-Feng Lin	<cxl46@psu.edu>	57
#John Spieth	<jspieth@watson.wustl.edu>	4
Jose P. Abad	<jpabad@cbm.uam.es>	43
Josep M. Comeron	<josep-comeron@uiowa.edu>	22
Julio Rozas	<jrozas@ub.edu>	49
Jun Wang	<wangj@genomics.org.cn>	74,86
#Kerstin Lindblad-Toh	<kersli@broad.mit.edu>	2
Kim D. Pruitt	<pruitt@ncbi.nlm.nih.gov>	73
Kristi Montooth	<Kristi_Montooth@brown.edu>	40
Leonardo B. Koerich	<lbkoerich@yahoo.com.br>	24
Lior Pachter	<lpachter@math.berkeley.edu>	64
Lloyd Low	<w.low@pgrad.unimelb.edu.au>	30
#Manolis Kellis	<manoli@mit.edu>	1,2
Manyuan Long	<mlong@uchicago.edu>	34
Mar Marzo	<Mar.Marzo@uab.cat>	42
Maria Mendez-Lago	<m.mendez@cbm.uam.es>	43
Mariana F. Wolfner	<mfw5@cornell.edu>	11
Marta Puig	<marta.puig@uab.es>	42
Matthew W. Hahn	<mwh@indiana.edu>	20,21
Meizhong Luo	<mluo@Ag.arizona.edu>	18
Melanie A. Huntley	<melanie.huntley@gmail.com>	11
Melissa J. Hubisz	<hubisz@uchicago.edu>	35
Michael R. Brent	<brent@wustl.edu>	55
Michael B. Eisen	<mbeisen@lbl.gov>	104,80
Michael U. Mollenhauer	<XXXXX@psu.edu>	57
Michael Parisi	<michaelpa@intra.niddk.nih.gov>	16
#Michael F. Lin	<mikelin@mit.edu>	1,2
Michael G. Ritchie	<mgr@st-andrews.ac.uk>	72
Mohamed A. F. Noor	<noor@duke.edu>	52
Montserrat Aguade	<maguade@ub.es>	49
Nadia Singh	<nds25@cornell.edu>	11
Nicholas B. Sisneros	<sisneros@ag.arizona.edu>	18
Patrick O'Grady	<ogrady@nature.berkeley.edu>	53
Peili Zhang	<peili@morgan.harvard.edu>	15,78
Peter D. Keightley	<peterkeightley.drosnature2007@gmail.com>	45
Phil Batterham	<P.Batterham@unimelb.edu.au>	30
Rama S. Singh	<singh@mcmaster.ca>	54
Randall H. Brown	<rhb@cse.wustl.edu>	55
Rasmus Nielsen	<rasmus@binf.ku.dk>	67
#Richard K. Wilson	<rwilson@watson.wustl.edu>	4
Robert Good	<rtgood@unimelb.edu.au>	30
Robert K. Bradley	<rbradley@berkeley.edu>	23
Robert Reenan	<Robert_Reenan@brown.edu>	41
Roderic Guigo	<rguigo@imim.es>	75,50
Rod A. Wing	<rwing@Ag.arizona.edu>	18
Roger A. Hoskins	<hoskins@bdgp.lbl.gov>	13
Roman Arguello	<arguello@uchicago.edu>	34
Ruiqiang Li	<lirq@bmb.sdu.dk>	74,86
Russell Schwartz	<russells@andrew.cmu.edu>	68
Sam Griffiths-Jones	<sam.griffiths-jones@manchester.ac.uk>	87,14
Samuel Gross	<ssgross@stanford.edu>	69
Sarah Teichmann	<sat@mrc-lmb.cam.ac.uk>	27
Saverio Vicario	<saverio.vicario@yale.edu>	66
Sebastian Strempel	<sebastian_strempel@bluewin.ch>	58
Serafim Batzoglou	<serafim@cs.stanford.edu>	69
Sergio Castrezana	<castreza@email.arizona.edu>	19
Sonja Prohaska	<Sonja.Prohaska@asu.edu>	70,61
Stephen M. Mount	<smount@umd.edu>	3,71
Stephen W. Schaeffer	<sws4@psu.edu>	57
#Steven L. Salzberg	<salzberg@umiacs.umd.edu>	3
Stuart Newfeld	<newfeld@asu.edu>	60
Sourav Chatterji	<schatterji@ucdavis.edu>	64,81
So-Jeong Lee	<sharlena@hanmail.net>	18
Sudhir Kumar	<sudhir.kumar@asu.edu>	60,61
Susan E. Celniker	<celniker@bdgp.lbl.gov>	13
Susan Russo	<russo@morgan.harvard.edu>	15,78
Temple F. Smith	<tsmith@darwin.bu.edu>	25
Therese A. Markow	<tmarkow@public.arl.arizona.edu>	17
Thomas C. Kaufman	<kaufman@indiana.edu>	20
Thomas Eickbush	<eick@mail.rochester.edu>	62
Timothy B. Sackton	<tbs7@cornell.edu>	11
Todd Schlenke	<tschlen@emory.edu>	59
Thomas Watts	<twatts@email.arizona.edu>	17
Valer Gotea	<vgotea@psu.edu>	57
Venky N. Iyer	<venky@berkeley.edu>	77
William Gelbart	<gelbart@morgan.harvard.edu>	15,78
Wojciech Makalowski	<wojtek@warta.bio.psu.edu>	57
Wolfgang Stephan	<stephan@zi.biologie.uni-muenchen.de>	58
Xu Mu	<XXXXX@psu.edu>	57
Yu Zhang	<yuzhang@niddk.nih.gov>	16
 
Mira V. Han	<mirhan@indiana.edu>	21
Roberta Kwok	<XXXXX@indiana.edu>	20
James C. Costello	<jccostel@indiana.edu>	21

Douglas R. Smith	<douglas.smith@agencourt.com>	6
Wei Tao	<wei.tao@agencourt.com>	6
Heather Ebling	<heather.ebling@agencourt.com>	6
Marc J. Rubenfield	<marc.rubenfield@agencourt.com>	6
Stephanie A. Bosak	<stephanie.bosak@agencourt.com>	6
Adrianne D. Brand	<adrianne.brand@agencourt.com>	6
Jason M. Tsolas	<jason.tsolas@agencourt.com>	6
David J. Saranga	<david.saranga@agencourt.com>	6
Matthew J. Parisi	<matthew.parisi@agencourt.com>	6
Robert G. David	<robert.david@appliedbiosystems.com>	6
Barry E. Garvin	<barry.garvin@agencourt.com>	6
Erik A. Gustafson	<erik.gustafson@agencourt.com>	6
Brendan McKernan	<brendan.mckernan@comcast.net>	6
Kevin McKernan	<kevin.mckernan@appliedbiosystems.com>	6

Sante Gnerre	<XXXXX@broad.mit.edu>	2
Jean L. Chang	<XXXXX@broad.mit.edu>	2
Kerstin Lindblad-Toh	<kersli@broad.mit.edu>	2
Eric Lander	<lander@broad.mit.edu>	2
Broad Institute Genome Sequencing Platform Zy	<XXXXX@broad.mit.edu>	2
Broad Institute Whole Genome Assembly Team Zz	<XXXXX@broad.mit.edu>	2
David B. Jaffe	<XXXXX@broad.mit.edu>	2

LaDeana Hillier	<XXXXX@watson.wustl.edu>	4
John Spieth	<XXXXX@watson.wustl.edu>	4
Sandra W. Clifton	<XXXXX@watson.wustl.edu>	4 
Asif Chinwalla	<XXXXX@watson.wustl.edu>	4
Shiaw-Pyng Yang	<XXXXX@watson.wustl.edu>	4
Lucinda Fulton	<XXXXX@watson.wustl.edu>	4
Robert Fulton	<XXXXX@watson.wustl.edu>	4
Patrick Minx	<XXXXX@watson.wustl.edu>	4
Kim Delehaunty	<XXXXX@watson.wustl.edu>	4
Jennifer Godfrey	<XXXXX@watson.wustl.edu>	4
Amy Reily	<XXXXX@watson.wustl.edu>	4
Richard K. Wilson	<rwilson@watson.wustl.edu>	4

Ewen F. Kirkness	<XXXXX@jcvi.org>	5
Karin A. Remington	<XXXXX@jcvi.org>	5
Granger G. Sutton	<XXXXX@jcvi.org>	5
Brian Walenz	<XXXXX@jcvi.org>	5
Justin Johnson	<XXXXX@jcvi.org>	5
Eli Venter	<XXXXX@jcvi.org>	5
Aaron L. Halpern	<XXXXX@jcvi.org>	5
Yu-Hui Rogers	<XXXXX@jcvi.org>	5
Robert L. Strausberg	<XXXXX@jcvi.org>	5
J. Craig Venter	<XXXXX@jcvi.org>	5

Steven L. Salzberg	<salzberg@umiacs.umd.edu>	3
Arthur L. Delcher	<XXXXX@umiacs.umd.edu>	3
Michael C. Schatz	<XXXXX@umiacs.umd.edu>	3
Adam M. Phillippy	<XXXXX@umiacs.umd.edu>	3
Mihai Pop	<XXXXX@umiacs.umd.edu>	3

Manolis Kellis	<manoli@mit.edu>	1,2
Michael F. Lin	<mikelin@mit.edu>	1,2
Alexander Stark	<alex.stark@mit.edu>	1,2
Pouya Kheradpour	<pouyak@mit.edu>	1
Matthew D. Rasmussen	<rasmus@mit.edu>	1
Jakob S. Pedersen	<jsp@binf.ku.dk>	44,88
Leopold Parts	<leopoldp@mit.edu>	1

Lisa Levesque	<lisaleve@msn.com>	8
Kritispati Ravi Ram	<kr79@cornell.edu>	11
Laura Sirot	<ls286@cornell.edu>	11
Rob J. Kulathinal	<Rob_Kulathinal@harvard.edu>	46
Carlo G. Artieri	<artiercg@mcmaster.ca>	54
Santosh Jagadeeshan	<jagadeeshans@si.edu>	54
Wilfried Haerty	<haertyw@mcmaster.ca>	54

Daniel Barker	<db60@st-andrews.ac.uk>	72
Roger K. Butlin	<r.k.butlin@sheffield.ac.uk>	82
William C. Jordan	<bill.jordan@ioz.ac.uk>	83

Sven Findei§	<sven@bioinf.uni-leipzig.de>	61,84
David A. Garfield	<XXXXX@duke.edu>	52
William R. Jeck	<XXXXX@@email.unc.edu>	36
Karsten Kristiansen	<kak@bmb.sdu.dk>	86
Paolo Barsanti	<p.barsanti@biologia.uniba.it>	89
Damiano Porcelli	<damiano.porcelli@biologia.uniba.it>	89

Alan Filipski	<Alan.Filipski@asu.edu>	61

Chuong B. Do	<XXXXX@stanford.edu>	69
Marina Sirota	<XXXXX@stanford.edu>	90

Wyatt W. Anderson	<XXXXX@uga.edu>	92
#Patrick O'Grady	<ogrady@nature.berkeley.edu>	53
Richard Lapoint	<XXXXX@nature.berkeley.edu>	53
Kevin Edwards	<XXXXX@isu.edu>	93
Daisuke Yamamoto	<XXXXX@sendai.edu>	94
Laura K. Reed	<XXXXX@ncstate.edu>	91
#Thomas Watts	<twatts@email.arizona.edu>	17
Luciano Matzkin	<XXXXX@arizona.edu>	17
#Therese A. Markow	<XXXXX@arizona.edu>	17
Marvin Wasserman	<XXXXX@cuny.edu>	95
Muneo Matsuda	<XXXXX@kyorin.edu>	96
Hajime Sato	<XXXXX@kyorin.edu>	96
Yoshihiko Tomimura	<XXXXX@shiba.edu>	97
Eiko Kataoka	<XXXXX@kyorin.edu>	96
Kiyohito Yoshida	<XXXXX@hokkaido.edu>	98
Yoshiko N. Tobari	<XXXXX@ieb.edu>	99
Vera L. S. Valente	<XXXXX@alegro.edu>	100
Ana C. L. Garcia	<XXXXX@alegro.edu>	100
Claudia Rohde	<XXXXX@pernambuco.edu>	101
Tania T. Rieger	<XXXXX@pernambuco.edu>	102
Carmen Segarra	<XXXXX@ub.edu>	49
Montserrat Papaceit	<XXXXX@ub.edu>	49
#Elena Lozovsky	<elozovsk@oeb.harvard.edu>	46

Brenton Gravely	<graveley@neuron.uchc.edu>	103
Greg Gibson	<ggibson@unity.ncsu.edu>	91

Wratko Hlavina	<XXXXX@ncbi.nlm.nih.gov>	73
Yuri Kapustin	<XXXXX@ncbi.nlm.nih.gov>	73
Boris Kiryutin	<XXXXX@ncbi.nlm.nih.gov>	73
Paul Kitts	<XXXXX@ncbi.nlm.nih.gov>	73
Victor Sapojnikov	<XXXXX@ncbi.nlm.nih.gov>	73
Alexandre Souvorov	<XXXXX@ncbi.nlm.nih.gov>	73